{
    "schemaVersion": 1,
    "id": "block_entity-display",
    "version": "1.0.0",
    "name": "BlockEntity Display",
    "description": "Logical Client Only",
    "authors": [
        "ccJerrycc"
    ],
    "license": "*",
    "environment": "*",
    "entrypoints": {
        "client": [
            "blockentitydisplay.Client"
        ]
    },
    "mixins": [
        "blockentitydisplay.mixins.json"
    ],
    "depends": {
        "fabricloader": ">=0.15.11",
        "minecraft": "1.16.5",
        "java": ">=8",
        "fabric": ">=0.42.0+1.16"
    }
}