{
    "schemaVersion": 1,
    "id": "block_destroyed-criterion",
    "version": "1.0.0",
    "name": "block_destroyed Criterion",
    "description": "Logical Server Only",
    "authors": [
        "ccJerrycc"
    ],
    "license": "*",
    "environment": "*",
    "entrypoints": {
        "main": [
            "criterion.Main"
        ]
    },
    "mixins": [
        "block_destroyed-criterion.mixins.json"
    ],
    "depends": {
        "fabricloader": ">=0.14.22",
        "minecraft": "1.19.4",
        "java": ">=17"
    }
}