{
    "schemaVersion": 1,
    "id": "block_entity-display",
    "version": "1.0.0",
    "name": "BlockEntity Display",
    "description": "Logical Client Only",
    "authors": [
        "ccJerrycc"
    ],
    "license": "*",
    "environment": "*",
    "entrypoints": {
        "client": [
            "blockentitydisplay.Client"
        ]
    },
    "mixins": [
        "blockentitydisplay.mixins.json"
    ],
    "depends": {
        "fabricloader": ">=0.15.11",
        "minecraft": "1.17.1",
        "java": ">=16",
        "fabric": ">=0.46.1+1.17"
    }
}