{
    "parent": "minecraft:recipes/root",
    "rewards": {
        "recipes": [
            "minecraft:stone_wall_from_stone_stonecutting"
        ]
    },
    "criteria": {
        "has_stone": {
            "trigger": "minecraft:inventory_changed",
            "conditions": {
                "items": [
                    {
                        "items": [
                            "minecraft:stone"
                        ]
                    }
                ]
            }
        },
        "has_the_recipe": {
            "trigger": "minecraft:recipe_unlocked",
            "conditions": {
                "recipe": "minecraft:stone_wall_from_stone_stonecutting"
            }
        }
    },
    "requirements": [
        [
            "has_stone",
            "has_the_recipe"
        ]
    ]
}