{
    "schemaVersion": 1,
    "id": "gravity-command",
    "version": "1.0.0",
    "name": "GravityCommand",
    "description": "*",
    "authors": [
        "ccJerrycc"
    ],
    "license": "*",
    "environment": "*",
    "entrypoints": {
        "main": [
            "gravitycommand.Main"
        ],
        "client": [
            "gravitycommand.client.Main"
        ]
    },
    "mixins": [
        "gravitycommand.mixins.json"
    ],
    "depends": {
        "fabricloader": ">=0.15.11",
        "minecraft": "1.20.6",
        "java": ">=21",
        "fabric": ">=0.99.0+1.20.6"
    }
}